{"cameraMode":{"drawMode":0,"name":"Shaded","section":"Shading Mode"},"sceneLighting":true,"audioPlay":false,"sceneViewState":{"showFog":true,"showMaterialUpdate":false,"showSkybox":true,"showFlares":true,"showImageEffects":true,"showParticleSystems":true},"in2DMode":false,"pivot":{"x":-5.278229236602783,"y":-3.442089080810547,"z":-4.227592468261719},"rotation":{"x":-0.3849348723888397,"y":0.25806495547294619,"z":-0.11302607506513596,"w":-0.8788949847221375},"size":11.131383895874024,"orthographic":false}