{"cameraMode":{"drawMode":0,"name":"Shaded","section":"Shading Mode"},"sceneLighting":true,"audioPlay":false,"sceneViewState":{"showFog":true,"showMaterialUpdate":false,"showSkybox":true,"showFlares":true,"showImageEffects":true,"showParticleSystems":true},"in2DMode":false,"pivot":{"x":-7.213391304016113,"y":3.1510767936706545,"z":1.4122064113616944},"rotation":{"x":-0.11574479192495346,"y":0.1475258618593216,"z":-0.017381839454174043,"w":-0.9821186661720276},"size":7.177908420562744,"orthographic":false}